INSERT INTO offshore_wind.platform_details (id, name, latitude, longitude, coordinates, location, weight, hub_height, installation_date) VALUES
(1, 'OWFP-Alpha', 43.5, -8.0, '43.5,-8.0', 'Atlantic Offshore Zone A', 1500.5, 90.2, '2023-07-15 10:00:00'),
(2, 'OWFP-Beta', 43.6, -8.1, '43.6,-8.1', 'Atlantic Offshore Zone A', 1620.3, 95.7, '2023-08-22 14:30:00'),
(3, 'OWFP-Gamma', 44.0, -7.5, '44.0,-7.5', 'Northern Offshore Block 3', 1480.8, 88.5, '2024-01-10 09:15:00'),
(4, 'OWFP-Delta', 44.1, -7.6, '44.1,-7.6', 'Northern Offshore Block 3', 1550.1, 92.0, '2024-03-01 16:45:00'),
(5, 'OWFP-Epsilon', 42.8, -9.2, '42.8,-9.2', 'Southern Wind Farm Area', 1700.0, 100.0, '2022-11-05 11:20:00'),
(6, 'OWFP-Zeta', 42.9, -9.3, '42.9,-9.3', 'Southern Wind Farm Area', 1650.7, 98.3, '2022-12-18 08:00:00'),
(7, 'OWFP-Eta', 43.2, -8.5, '43.2,-8.5', 'Central Offshore Region 1', 1580.2, 91.5, '2023-05-29 13:05:00'),
(8, 'OWFP-Theta', 43.3, -8.6, '43.3,-8.6', 'Central Offshore Region 1', 1680.9, 97.0, '2023-09-11 17:10:00'),
(9, 'OWFP-Iota', 44.5, -7.0, '44.5,-7.0', 'Northern Offshore Block 4', 1520.6, 89.8, '2024-02-14 12:55:00'),
(10, 'OWFP-Kappa', 44.6, -7.1, '44.6,-7.1', 'Northern Offshore Block 4', 1600.4, 94.2, '2024-04-28 07:30:00'),
(11, 'OWFP-Lambda', 42.5, -9.5, '42.5,-9.5', 'Southern Wind Farm Area 2', 1750.3, 102.5, '2023-01-20 15:40:00'),
(12, 'OWFP-Mu', 42.6, -9.6, '42.6,-9.6', 'Southern Wind Farm Area 2', 1670.1, 99.0, '2023-06-05 10:25:00'),
(13, 'OWFP-Nu', 43.8, -8.3, '43.8,-8.3', 'Atlantic Offshore Zone B', 1590.7, 93.3, '2024-05-01 18:00:00'),
(14, 'OWFP-Xi', 43.9, -8.4, '43.9,-8.4', 'Atlantic Offshore Zone B', 1630.5, 96.8, '2024-05-15 11:45:00'),
(15, 'OWFP-Omicron', 44.2, -7.8, '44.2,-7.8', 'Northern Offshore Block 5', 1510.9, 90.5, '2023-10-02 09:00:00'),
(16, 'OWFP-Pi', 44.3, -7.9, '44.3,-7.9', 'Northern Offshore Block 5', 1660.2, 97.7, '2023-11-19 14:15:00'),
(17, 'OWFP-Rho', 43.0, -9.0, '43.0,-9.0', 'Southern Wind Farm Area 3', 1720.8, 101.0, '2022-09-07 16:30:00'),
(18, 'OWFP-Sigma', 43.1, -9.1, '43.1,-9.1', 'Southern Wind Farm Area 3', 1690.6, 99.5, '2023-03-12 08:45:00'),
(19, 'OWFP-Tau', 43.7, -8.2, '43.7,-8.2', 'Atlantic Offshore Zone C', 1570.4, 92.8, '2024-01-28 12:00:00'),
(20, 'OWFP-Upsilon', 43.8, -8.3, '43.8,-8.3', 'Atlantic Offshore Zone C', 1610.1, 95.1, '2024-06-10 17:40:00');

INSERT INTO offshore_wind.turbine_details (id, platform_id, name, manufacturer, nominal_power, blade_length, grid_frequency, installation_date) VALUES
(101, 1, 'TBN-Alpha-1', 'Vestas', 10000, 85, 50.0, '2023-07-15 11:00:00'),
(102, 2, 'TBN-Beta-1', 'Siemens Gamesa', 12000, 90, 50.0, '2023-08-22 15:30:00'),
(103, 3, 'TBN-Gamma-1', 'GE Renewable Energy', 9500, 80, 50.0, '2024-01-10 10:15:00'),
(104, 4, 'TBN-Delta-1', 'Vestas', 11000, 88, 50.0, '2024-03-01 17:45:00'),
(105, 5, 'TBN-Epsilon-1', 'Siemens Gamesa', 13000, 95, 50.0, '2022-11-05 12:20:00'),
(106, 6, 'TBN-Zeta-1', 'GE Renewable Energy', 10500, 82, 50.0, '2022-12-18 09:00:00'),
(107, 7, 'TBN-Eta-1', 'Vestas', 10800, 86, 50.0, '2023-05-29 14:05:00'),
(108, 8, 'TBN-Theta-1', 'Siemens Gamesa', 12500, 92, 50.0, '2023-09-11 18:10:00'),
(109, 9, 'TBN-Iota-1', 'GE Renewable Energy', 9800, 81, 50.0, '2024-02-14 13:55:00'),
(110, 10, 'TBN-Kappa-1', 'Vestas', 11500, 89, 50.0, '2024-04-28 08:30:00'),
(111, 11, 'TBN-Lambda-1', 'Siemens Gamesa', 13500, 97, 50.0, '2023-01-20 16:40:00'),
(112, 12, 'TBN-Mu-1', 'GE Renewable Energy', 10200, 83, 50.0, '2023-06-05 11:25:00'),
(113, 13, 'TBN-Nu-1', 'Vestas', 11200, 87, 50.0, '2024-05-01 19:00:00'),
(114, 14, 'TBN-Xi-1', 'Siemens Gamesa', 12800, 93, 50.0, '2024-05-15 12:45:00'),
(115, 15, 'TBN-Omicron-1', 'GE Renewable Energy', 10000, 82, 50.0, '2023-10-02 10:00:00'),
(116, 16, 'TBN-Pi-1', 'Vestas', 11800, 91, 50.0, '2023-11-19 15:15:00'),
(117, 17, 'TBN-Rho-1', 'Siemens Gamesa', 13200, 96, 50.0, '2022-09-07 17:30:00'),
(118, 18, 'TBN-Sigma-1', 'GE Renewable Energy', 10700, 84, 50.0, '2023-03-12 09:45:00'),
(119, 19, 'TBN-Tau-1', 'Vestas', 11300, 88, 50.0, '2024-01-28 13:00:00'),
(120, 20, 'TBN-Upsilon-1', 'Siemens Gamesa', 12200, 90, 50.0, '2024-06-10 18:40:00');

INSERT INTO offshore_wind.turbine_status (turbine_id, status) VALUES
(101, 'Operational'),
(102, 'Maintenance'),
(103, 'Operational'),
(104, 'Operational'),
(105, 'Fault Detected'),
(106, 'Operational'),
(107, 'Operational'),
(108, 'Maintenance'),
(109, 'Operational'),
(110, 'Operational'),
(111, 'Operational'),
(112, 'Fault Detected'),
(113, 'Operational'),
(114, 'Maintenance'),
(115, 'Operational'),
(116, 'Operational'),
(117, 'Operational'),
(118, 'Operational'),
(119, 'Maintenance'),
(120, 'Operational');